"DESCRIPTION","DURATION IN MS","NAME","PARENT SUITE","START TIME","STATUS","STOP TIME","SUB SUITE","SUITE","TEST CLASS","TEST METHOD"
"","248","[API-X-04] OpenAPI doc is reachable and lists all endpoints","chromium","2026-09-01","passed","2026-09-01","API · cross-cutting","api/cross-cutting.spec.ts","",""
"","1511","[UI-NOTE-03] edits a note via the modal","chromium","2026-09-01","passed","2026-09-01","UI · Notes CRUD","ui/notes-crud.spec.ts","",""
"","601","[UI-AUTH-10] an invalid confirmation link shows an error and the auth UI","chromium","2026-09-01","passed","2026-09-01","UI · Authentication & session","ui/auth.spec.ts","",""
"","1354","[API-SU-10] enforces the maximum password length (255 ok, 256 rejected)","chromium","2026-09-01","passed","2026-09-01","API · POST /api/auth/signup","api/auth-signup.spec.ts","",""
"","80","[API-NL-13] tolerates invalid query params without a 500","chromium","2026-09-01","passed","2026-09-01","API · GET /api/notes (list, search, sort, pagination)","api/notes-list.spec.ts","",""
"","735","[UI-LIST-02] search by Title only","chromium","2026-09-01","passed","2026-09-01","UI · Notes list (search, sort, pagination)","ui/notes-list.spec.ts","",""
"","77","[API-NL-02] does not return another user's notes (ownership isolation)","chromium","2026-09-01","passed","2026-09-01","API · GET /api/notes (list, search, sort, pagination)","api/notes-list.spec.ts","",""
"","81","[API-SI-06] rejects missing credentials","chromium","2026-09-01","passed","2026-09-01","API · POST /api/auth/signin","api/auth-signin.spec.ts","",""
"","1102","[API-SU-01] signs up a new user and returns 201","chromium","2026-09-01","passed","2026-09-01","API · POST /api/auth/signup","api/auth-signup.spec.ts","",""
"","156","[API-NL-08] sort by updatedAt (asc / desc)","chromium","2026-09-01","passed","2026-09-01","API · GET /api/notes (list, search, sort, pagination)","api/notes-list.spec.ts","",""
"","932","[API-SU-12] normalizes email (trim + lowercase)","chromium","2026-09-01","passed","2026-09-01","API · POST /api/auth/signup","api/auth-signup.spec.ts","",""
"","66","[API-NL-04] rejects an unauthenticated list (401)","chromium","2026-09-01","passed","2026-09-01","API · GET /api/notes (list, search, sort, pagination)","api/notes-list.spec.ts","",""
"","180","[API-SU-07] rejects a missing password","chromium","2026-09-01","passed","2026-09-01","API · POST /api/auth/signup","api/auth-signup.spec.ts","",""
"","2935","[UI-AUTH-05] sign-in with an unverified account shows an error","chromium","2026-09-01","passed","2026-09-01","UI · Authentication & session","ui/auth.spec.ts","",""
"","891","[UI-LIST-03] search by Content only","chromium","2026-09-01","passed","2026-09-01","UI · Notes list (search, sort, pagination)","ui/notes-list.spec.ts","",""
"","975","[UI-LIST-05] sort by title (A-Z / Z-A)","chromium","2026-09-01","passed","2026-09-01","UI · Notes list (search, sort, pagination)","ui/notes-list.spec.ts","",""
"","1165","[API-CF-04] a code is single-use (cannot be reused)","chromium","2026-09-01","passed","2026-09-01","API · POST /api/auth/confirm","api/auth-confirm.spec.ts","",""
"","85","[API-X-02] wrong HTTP method returns 405","chromium","2026-09-01","passed","2026-09-01","API · cross-cutting","api/cross-cutting.spec.ts","",""
"","677","[UI-NAV-01] navigate between Notes and Profile","chromium","2026-09-01","passed","2026-09-01","UI · Profile & navigation","ui/profile-nav.spec.ts","",""
"","842","[UI-LIST-06] page size limits how many notes are shown","chromium","2026-09-01","passed","2026-09-01","UI · Notes list (search, sort, pagination)","ui/notes-list.spec.ts","",""
"","2751","[UI-AUTH-07] session persists across a page reload","chromium","2026-09-01","passed","2026-09-01","UI · Authentication & session","ui/auth.spec.ts","",""
"","74","[API-ME-02] rejects a request with no token","chromium","2026-09-01","passed","2026-09-01","API · GET /api/auth/me","api/auth-me.spec.ts","",""
"","101","[API-NC-01] creates a note and echoes its fields","chromium","2026-09-01","passed","2026-09-01","API · POST /api/notes","api/notes-create.spec.ts","",""
"","158","[API-NL-10] pagination splits results across pages","chromium","2026-09-01","passed","2026-09-01","API · GET /api/notes (list, search, sort, pagination)","api/notes-list.spec.ts","",""
"","102","[API-NC-09] trims the title","chromium","2026-09-01","passed","2026-09-01","API · POST /api/notes","api/notes-create.spec.ts","",""
"","201","[API-X-05] filters never leak another tenant notes","chromium","2026-09-01","passed","2026-09-01","API · cross-cutting","api/cross-cutting.spec.ts","",""
"","1895","[API-SU-04] allows re-signup of an unverified email (new code works)","chromium","2026-09-01","passed","2026-09-01","API · POST /api/auth/signup","api/auth-signup.spec.ts","",""
"","198","[API-NG-01] returns an owned note","chromium","2026-09-01","passed","2026-09-01","API · GET /api/notes/{id}","api/notes-get.spec.ts","",""
"","2186","[UI-AUTH-08] logout clears the session","chromium","2026-09-01","passed","2026-09-01","UI · Authentication & session","ui/auth.spec.ts","",""
"","107","[API-NC-03] rejects a missing title (422)","chromium","2026-09-01","passed","2026-09-01","API · POST /api/notes","api/notes-create.spec.ts","",""
"","1239","[UI-AUTH-09] a protected route without a token falls back to auth UI","chromium","2026-09-01","passed","2026-09-01","UI · Authentication & session","ui/auth.spec.ts","",""
"","103","[API-ND-03] returns 404 for a non-existent id","chromium","2026-09-01","passed","2026-09-01","API · DELETE /api/notes/{id}","api/notes-delete.spec.ts","",""
"","82","[API-NU-04] returns 404 for a non-existent id","chromium","2026-09-01","passed","2026-09-01","API · PUT /api/notes/{id}","api/notes-update.spec.ts","",""
"","308","[API-NC-02] owner cannot be spoofed via the request body","chromium","2026-09-01","passed","2026-09-01","API · POST /api/notes","api/notes-create.spec.ts","",""
"","1433","[API-CF-03] rejects an invalid code","chromium","2026-09-01","passed","2026-09-01","API · POST /api/auth/confirm","api/auth-confirm.spec.ts","",""
"","1629","[API-CF-02] status-code contract (documented 200, actual 201)","chromium","2026-09-01","passed","2026-09-01","API · POST /api/auth/confirm","api/auth-confirm.spec.ts","",""
"","189","[API-NU-01] updates an owned note and bumps updated_at","chromium","2026-09-01","passed","2026-09-01","API · PUT /api/notes/{id}","api/notes-update.spec.ts","",""
"","1291","[UI-NOTE-07] shows the empty state when a filtered list has no notes","chromium","2026-09-01","passed","2026-09-01","UI · Notes CRUD","ui/notes-crud.spec.ts","",""
"","102","[API-ME-01] returns the current user for a valid token","chromium","2026-09-01","passed","2026-09-01","API · GET /api/auth/me","api/auth-me.spec.ts","",""
"","1057","[API-SI-01] signs in a verified user and returns a JWT","chromium","2026-09-01","passed","2026-09-01","API · POST /api/auth/signin","api/auth-signin.spec.ts","",""
"","309","[API-ND-04] deleting an already-deleted note returns 404","chromium","2026-09-01","passed","2026-09-01","API · DELETE /api/notes/{id}","api/notes-delete.spec.ts","",""
"","0","[API-CF-05] rejects an expired code (>10 min)","chromium","2026-09-01","skipped","2026-09-01","API · POST /api/auth/confirm","api/auth-confirm.spec.ts","",""
"","112","[API-NC-06] rejects a blank content (422)","chromium","2026-09-01","passed","2026-09-01","API · POST /api/notes","api/notes-create.spec.ts","",""
"","1162","[UI-LIST-07] pagination next/prev navigates pages","chromium","2026-09-01","passed","2026-09-01","UI · Notes list (search, sort, pagination)","ui/notes-list.spec.ts","",""
"","78","[API-NL-06] title filter (partial match)","chromium","2026-09-01","passed","2026-09-01","API · GET /api/notes (list, search, sort, pagination)","api/notes-list.spec.ts","",""
"","79","[API-NL-05] free-text q matches across title and content","chromium","2026-09-01","passed","2026-09-01","API · GET /api/notes (list, search, sort, pagination)","api/notes-list.spec.ts","",""
"","248","[API-NU-02] cannot update another user's note (404)","chromium","2026-09-01","passed","2026-09-01","API · PUT /api/notes/{id}","api/notes-update.spec.ts","",""
"","154","[API-NU-05] rejects an unauthenticated update (401)","chromium","2026-09-01","passed","2026-09-01","API · PUT /api/notes/{id}","api/notes-update.spec.ts","",""
"","149","[API-SU-06] rejects a missing email","chromium","2026-09-01","passed","2026-09-01","API · POST /api/auth/signup","api/auth-signup.spec.ts","",""
"","167","[API-NC-07] enforces the title max length (255 ok, 256 rejected)","chromium","2026-09-01","passed","2026-09-01","API · POST /api/notes","api/notes-create.spec.ts","",""
"","144","[API-SU-13] rejects a malformed JSON body","chromium","2026-09-01","passed","2026-09-01","API · POST /api/auth/signup","api/auth-signup.spec.ts","",""
"","147","[API-SU-14] rejects an empty body","chromium","2026-09-01","passed","2026-09-01","API · POST /api/auth/signup","api/auth-signup.spec.ts","",""
"","102","[API-NC-04] rejects a missing content (422)","chromium","2026-09-01","passed","2026-09-01","API · POST /api/notes","api/notes-create.spec.ts","",""
"","248","[API-NU-03] rejects invalid data (422) and leaves the note unchanged","chromium","2026-09-01","passed","2026-09-01","API · PUT /api/notes/{id}","api/notes-update.spec.ts","",""
"","1","[API-ME-04] rejects an expired token","chromium","2026-09-01","skipped","2026-09-01","API · GET /api/auth/me","api/auth-me.spec.ts","",""
"","65","[API-ME-03] rejects a malformed/garbage token","chromium","2026-09-01","passed","2026-09-01","API · GET /api/auth/me","api/auth-me.spec.ts","",""
"","219","[API-NC-08] enforces the content max length (10000 ok, 10001 rejected)","chromium","2026-09-01","passed","2026-09-01","API · POST /api/notes","api/notes-create.spec.ts","",""
"","90","[API-NL-11] caps itemsPerPage at 50","chromium","2026-09-01","passed","2026-09-01","API · GET /api/notes pagination cap","api/notes-list.spec.ts","",""
"","884","[UI-NOTE-02] shows a validation error when content is empty","chromium","2026-09-01","passed","2026-09-01","UI · Notes CRUD","ui/notes-crud.spec.ts","",""
"","95","[API-X-06] core endpoint responds within a reasonable time","chromium","2026-09-01","passed","2026-09-01","API · cross-cutting","api/cross-cutting.spec.ts","",""
"","318","[API-CF-09] rejects missing fields","chromium","2026-09-01","passed","2026-09-01","API · POST /api/auth/confirm","api/auth-confirm.spec.ts","",""
"","312","[API-ND-01] deletes an owned note (204) and it becomes unreachable","chromium","2026-09-01","passed","2026-09-01","API · DELETE /api/notes/{id}","api/notes-delete.spec.ts","",""
"","1166","[UI-NOTE-06] cancelling the delete modal keeps the note","chromium","2026-09-01","passed","2026-09-01","UI · Notes CRUD","ui/notes-crud.spec.ts","",""
"","77","[API-NL-12] combined filter + sort + pagination","chromium","2026-09-01","passed","2026-09-01","API · GET /api/notes (list, search, sort, pagination)","api/notes-list.spec.ts","",""
"","150","[API-SU-08] rejects a password shorter than the minimum","chromium","2026-09-01","passed","2026-09-01","API · POST /api/auth/signup","api/auth-signup.spec.ts","",""
"","89","[API-NL-01] lists the owner notes with expected fields","chromium","2026-09-01","passed","2026-09-01","API · GET /api/notes (list, search, sort, pagination)","api/notes-list.spec.ts","",""
"","77","[API-SU-05] rejects an invalid email format","chromium","2026-09-01","passed","2026-09-01","API · POST /api/auth/signup","api/auth-signup.spec.ts","",""
"","65","[API-ME-05] rejects a token with a tampered payload","chromium","2026-09-01","passed","2026-09-01","API · GET /api/auth/me","api/auth-me.spec.ts","",""
"","78","[API-X-03] unknown route returns 404","chromium","2026-09-01","passed","2026-09-01","API · cross-cutting","api/cross-cutting.spec.ts","",""
"","100","[API-X-01] responses carry security headers","chromium","2026-09-01","passed","2026-09-01","API · cross-cutting","api/cross-cutting.spec.ts","",""
"","155","[API-NL-09] sort by title (asc / desc)","chromium","2026-09-01","passed","2026-09-01","API · GET /api/notes (list, search, sort, pagination)","api/notes-list.spec.ts","",""
"","1177","[API-SI-02] issued JWT carries expected claims and a 1h expiry","chromium","2026-09-01","passed","2026-09-01","API · POST /api/auth/signin","api/auth-signin.spec.ts","",""
"","79","[API-SI-04] rejects a non-existent user","chromium","2026-09-01","passed","2026-09-01","API · POST /api/auth/signin","api/auth-signin.spec.ts","",""
"","1364","[UI-NOTE-05] deletes a note after confirmation","chromium","2026-09-01","passed","2026-09-01","UI · Notes CRUD","ui/notes-crud.spec.ts","",""
"","1469","[UI-SEC-03] an invalid/expired token is cleared and auth UI is shown","chromium","2026-09-01","passed","2026-09-01","UI · Robustness & security","ui/robustness.spec.ts","",""
"","1328","[API-SU-09] accepts a password at the minimum length (8)","chromium","2026-09-01","passed","2026-09-01","API · POST /api/auth/signup","api/auth-signup.spec.ts","",""
"","2137","[UI-AUTH-04] sign-in with a wrong password shows an error","chromium","2026-09-01","passed","2026-09-01","UI · Authentication & session","ui/auth.spec.ts","",""
"","971","[UI-SEC-01] note content is rendered as text (no XSS execution)","chromium","2026-09-01","passed","2026-09-01","UI · Robustness & security","ui/robustness.spec.ts","",""
"","1404","[UI-AUTH-06] sign-up with an existing verified email shows an error","chromium","2026-09-01","passed","2026-09-01","UI · Authentication & session","ui/auth.spec.ts","",""
"","2204","[UI-AUTH-01] sign-up happy path shows a confirmation message","chromium","2026-09-01","passed","2026-09-01","UI · Authentication & session","ui/auth.spec.ts","",""
"","1275","[API-SU-02] sends a confirmation email with a 6-digit code link","chromium","2026-09-01","passed","2026-09-01","API · POST /api/auth/signup","api/auth-signup.spec.ts","",""
"","183","[API-ND-05] rejects an unauthenticated delete (401)","chromium","2026-09-01","passed","2026-09-01","API · DELETE /api/notes/{id}","api/notes-delete.spec.ts","",""
"","757","[UI-LIST-08] search with no matches shows the empty state","chromium","2026-09-01","passed","2026-09-01","UI · Notes list (search, sort, pagination)","ui/notes-list.spec.ts","",""
"","1193","[UI-NOTE-01] creates a note","chromium","2026-09-01","passed","2026-09-01","UI · Notes CRUD","ui/notes-crud.spec.ts","",""
"","392","[API-NC-11] KNOWN DEFECT: validation error without JSON Accept returns 500","chromium","2026-09-01","passed","2026-09-01","API · POST /api/notes","api/notes-create.spec.ts","",""
"","108","[API-NC-05] rejects a blank title (422)","chromium","2026-09-01","passed","2026-09-01","API · POST /api/notes","api/notes-create.spec.ts","",""
"","2315","[UI-AUTH-03] sign-in happy path enters the account","chromium","2026-09-01","passed","2026-09-01","UI · Authentication & session","ui/auth.spec.ts","",""
"","1366","[API-NU-06] updated_at increases across successive updates","chromium","2026-09-01","passed","2026-09-01","API · PUT /api/notes/{id}","api/notes-update.spec.ts","",""
"","650","[UI-PROF-01] profile shows account email and id","chromium","2026-09-01","passed","2026-09-01","UI · Profile & navigation","ui/profile-nav.spec.ts","",""
"","182","[API-NG-04] rejects an unauthenticated request (401)","chromium","2026-09-01","passed","2026-09-01","API · GET /api/notes/{id}","api/notes-get.spec.ts","",""
"","1126","[UI-NAV-02] browser back/forward re-renders the previous view","chromium","2026-09-01","passed","2026-09-01","UI · Profile & navigation","ui/profile-nav.spec.ts","",""
"","79","[API-NL-07] content filter (partial match)","chromium","2026-09-01","passed","2026-09-01","API · GET /api/notes (list, search, sort, pagination)","api/notes-list.spec.ts","",""
"","1016","[API-SI-03] rejects a wrong password","chromium","2026-09-01","passed","2026-09-01","API · POST /api/auth/signin","api/auth-signin.spec.ts","",""
"","1177","[UI-NOTE-04] cancelling the edit modal keeps the note unchanged","chromium","2026-09-01","passed","2026-09-01","UI · Notes CRUD","ui/notes-crud.spec.ts","",""
"","629","[API-CF-08] rejects malformed codes (not exactly 6 digits)","chromium","2026-09-01","passed","2026-09-01","API · POST /api/auth/confirm","api/auth-confirm.spec.ts","",""
"","314","[API-ND-02] cannot delete another user's note (404)","chromium","2026-09-01","passed","2026-09-01","API · DELETE /api/notes/{id}","api/notes-delete.spec.ts","",""
"","104","[API-NG-03] returns 404 for a non-existent id","chromium","2026-09-01","passed","2026-09-01","API · GET /api/notes/{id}","api/notes-get.spec.ts","",""
"","73","[API-NC-10] rejects an unauthenticated create","chromium","2026-09-01","passed","2026-09-01","API · POST /api/notes","api/notes-create.spec.ts","",""
"","210","[API-NG-02] does not expose another user's note (404)","chromium","2026-09-01","passed","2026-09-01","API · GET /api/notes/{id}","api/notes-get.spec.ts","",""
"","77","[API-NL-03] returns an empty array when nothing matches","chromium","2026-09-01","passed","2026-09-01","API · GET /api/notes (list, search, sort, pagination)","api/notes-list.spec.ts","",""
"","1304","[API-SI-07] does not leak whether an account exists (no user enumeration)","chromium","2026-09-01","passed","2026-09-01","API · POST /api/auth/signin","api/auth-signin.spec.ts","",""
"","2964","[UI-AUTH-02] full sign-up → email link → confirm → lands on Notes","chromium","2026-09-01","passed","2026-09-01","UI · Authentication & session","ui/auth.spec.ts","",""
"","2928","[API-CF-01] confirms with a valid code and returns a JWT","chromium","2026-09-01","passed","2026-09-01","API · POST /api/auth/confirm","api/auth-confirm.spec.ts","",""
"","1949","[API-CF-07] rejects a code that belongs to another user","chromium","2026-09-01","passed","2026-09-01","API · POST /api/auth/confirm","api/auth-confirm.spec.ts","",""
"","67","[API-SU-11] rejects an email longer than 190 characters","chromium","2026-09-01","passed","2026-09-01","API · POST /api/auth/signup","api/auth-signup.spec.ts","",""
"","977","[UI-LIST-04] list updates live while typing","chromium","2026-09-01","passed","2026-09-01","UI · Notes list (search, sort, pagination)","ui/notes-list.spec.ts","",""
"","2252","[API-SI-05] rejects an unverified user","chromium","2026-09-01","passed","2026-09-01","API · POST /api/auth/signin","api/auth-signin.spec.ts","",""
"","87","[API-SU-03] rejects an already-registered verified user","chromium","2026-09-01","passed","2026-09-01","API · POST /api/auth/signup","api/auth-signup.spec.ts","",""
"","727","[UI-LIST-01] free-text search (all fields)","chromium","2026-09-01","passed","2026-09-01","UI · Notes list (search, sort, pagination)","ui/notes-list.spec.ts","",""
"","169","[API-CF-06] rejects an unknown email","chromium","2026-09-01","passed","2026-09-01","API · POST /api/auth/confirm","api/auth-confirm.spec.ts","",""
